{
  "version": 1,
  "poses": {
    "Talk2DScene": { "x": -0.04806567, "y": -0.753840864, "z": 0.943841338, "yaw": 179.604874 },
    "HoleScene": { "x": 0.111833528, "y": 0.6694112, "z": 2.29016614, "yaw": 214.4362 },
    "VipRoomScene": { "x": -2.289553, "y": 0.114915729, "z": -3.61531138, "yaw": 248.175278 },
    "VipRoomScene.KARAOKE": { "x": -3.73395729, "y": 0.576210439, "z": -3.20451379, "yaw": 317.53772 },
    "GameRoomScene.HAND_SUMO": { "x": -3.1706717, "y": 0.499099851, "z": -3.50250816, "yaw": 267.694122 },
    "VipRoomScene.AHHN_GAME": { "x": -4.93070745, "y": 0.558600962, "z": -4.843435, "yaw": 225.558548 },
    "HoleScene.AHHN_GAME": { "x": -0.01632461, "y": 0.712179661, "z": 2.1764853, "yaw": 217.155426 },
    "GameRoomScene.CHEKI": { "x": -2.76772833, "y": 0.358624339, "z": -3.537246, "yaw": 273.2741 },
    "GameRoomScene.TWISTER": { "x": -2.72274756, "y": 0.06297487, "z": -3.4721818, "yaw": 265.827026 },
    "GameRoomScene.KARUTA": { "x": -2.934013, "y": -0.451829135, "z": -3.47705579, "yaw": 271.2976 }
  }
}
